{
 "bleus": [
  0.18476603992025722,
  0.20143996583324983,
  0.15729690394026072,
  0.10811504980010411,
  0.20103436642443573
 ],
 "bleu": 0.17053046518366152,
 "dist-2": 0.26728809165819173,
 "dist-2_with_orig": 0.26728700630594754,
 "dist-2_lowercased": 0.25730267897230663,
 "dist-2_with_orig_lowercased": 0.2572976778836342,
 "dist-3": 0.44570021502319224,
 "dist-3_with_orig": 0.4457031678826781,
 "dist-3_lowercased": 0.4374583797101397,
 "dist-3_with_orig_lowercased": 0.43745822203071916,
 "use_similarity": 0.7166225747732469
}