{
 "bleus": [
  23.98956419495849,
  20.071967418210587,
  18.949067017035294,
  17.091528927090053,
  18.20781755142557
 ],
 "bleu": 19.661989021744,
 "dist-2": 0.30559689245504723,
 "dist-2_with_orig": 0.30559445101949095,
 "dist-2_lowercased": 0.29318070108313843,
 "dist-2_with_orig_lowercased": 0.2931768926376052,
 "dist-3": 0.4712358754852774,
 "dist-3_with_orig": 0.4712310527081347,
 "dist-3_lowercased": 0.46261249714620656,
 "dist-3_with_orig_lowercased": 0.4626078864179184,
 "use_similarity": 0.750332332398965
}