{
 "bleus": [
  0.21198341257552442,
  0.1961904141476356,
  0.19982063371873543,
  0.18875101383117807,
  0.22079083299069735
 ],
 "bleu": 0.20350726145275416,
 "dist-2": 0.3567476717032096,
 "dist-2_with_orig": 0.3567454557819799,
 "dist-2_lowercased": 0.34288917197424174,
 "dist-2_with_orig_lowercased": 0.3428856166711177,
 "dist-3": 0.6162809243007581,
 "dist-3_with_orig": 0.6162765701081003,
 "dist-3_lowercased": 0.6056135157108536,
 "dist-3_with_orig_lowercased": 0.60560769737355,
 "use_similarity": 0.6126814133291953
}