{
 "bleus": [
  0.4918143624370998,
  0.4378696984133647,
  0.5139292160926822,
  0.46806341918541,
  0.5505542124281504
 ],
 "bleu": 0.4924461817113414,
 "dist-2": 0.4253929581679574,
 "dist-2_with_orig": 0.4253890947803349,
 "dist-2_lowercased": 0.4068702615042078,
 "dist-2_with_orig_lowercased": 0.40686148813755907,
 "dist-3": 0.5623273696029646,
 "dist-3_with_orig": 0.5623288222598491,
 "dist-3_lowercased": 0.5526145599307768,
 "dist-3_with_orig_lowercased": 0.5526084597159538,
 "use_similarity": 0.6278630365425127
}