{
 "bleus": [
  44.614201525048564,
  37.23245725158885,
  32.61200110124759,
  29.37245286391211,
  27.307537786626188
 ],
 "bleu": 34.227730105684664,
 "dist-2": 0.20621024462888737,
 "dist-2_with_orig": 0.20620427151356607,
 "dist-2_lowercased": 0.1995810199094854,
 "dist-2_with_orig_lowercased": 0.1995754001390298,
 "dist-3": 0.4050148610174535,
 "dist-3_with_orig": 0.40500445254478584,
 "dist-3_lowercased": 0.39705386766534495,
 "dist-3_with_orig_lowercased": 0.3970438830913598,
 "use_similarity": 0.8068866327036582
}