{
 "bleus": [
  1.905944498868304,
  1.5425595454477277,
  1.7368900676070183,
  1.5909952732316286,
  1.8368748215968305
 ],
 "bleu": 1.722652841350302,
 "dist-2": 0.4205148330305494,
 "dist-2_with_orig": 0.4205092794790108,
 "dist-2_lowercased": 0.40158117232159596,
 "dist-2_with_orig_lowercased": 0.4015706966944913,
 "dist-3": 0.5670956665915832,
 "dist-3_with_orig": 0.5670947387478987,
 "dist-3_lowercased": 0.5568730038665884,
 "dist-3_with_orig_lowercased": 0.5568625021889497,
 "use_similarity": 0.6578210996811429
}