{
 "bleus": [
  0.004733630351489627,
  0.004515124262576072,
  0.010090465895880921,
  0.005536068562211381,
  0.006244433810110195
 ],
 "bleu": 0.006223944576453639,
 "dist-2": 0.4206681500626267,
 "dist-2_with_orig": 0.42067685684137857,
 "dist-2_lowercased": 0.40491884234452497,
 "dist-2_with_orig_lowercased": 0.40491829420730757,
 "dist-3": 0.5484698798082974,
 "dist-3_with_orig": 0.5484743273476618,
 "dist-3_lowercased": 0.5406327419680184,
 "dist-3_with_orig_lowercased": 0.5406335526645997,
 "use_similarity": 0.5926178170697457
}