{
 "bleus": [
  1.6869683762409122,
  1.428411064062566,
  1.469913946395198,
  1.3591840624663531,
  1.4701415036176833
 ],
 "bleu": 1.4829237905565424,
 "dist-2": 0.3287918309412655,
 "dist-2_with_orig": 0.3287871496479622,
 "dist-2_lowercased": 0.3142441331543172,
 "dist-2_with_orig_lowercased": 0.31423647772767815,
 "dist-3": 0.5100194352355173,
 "dist-3_with_orig": 0.5100187626403804,
 "dist-3_lowercased": 0.4991555149947642,
 "dist-3_with_orig_lowercased": 0.49915175304685305,
 "use_similarity": 0.6760217067000307
}