{
 "bleus": [
  38.93817027468775,
  38.881318225846826,
  39.49287588922081,
  42.057333502821464,
  41.39969571795998
 ],
 "bleu": 40.153878722107365,
 "dist-2": 0.31880843612970383,
 "dist-2_with_orig": 0.3188123787499696,
 "dist-2_lowercased": 0.30717653072349727,
 "dist-2_with_orig_lowercased": 0.30716522516553263,
 "dist-3": 0.4402121992882164,
 "dist-3_with_orig": 0.44022353552470184,
 "dist-3_lowercased": 0.4316827339143055,
 "dist-3_with_orig_lowercased": 0.4316784805021944,
 "use_similarity": 0.8876408070948757
}