{
 "bleus": [
  0.5108381039265408,
  0.4530586333161175,
  0.5115812743447751,
  0.47962215237127465,
  0.5109911433360632
 ],
 "bleu": 0.4932182614589543,
 "dist-2": 0.36582316120524994,
 "dist-2_with_orig": 0.3658258377696627,
 "dist-2_lowercased": 0.3507029922157041,
 "dist-2_with_orig_lowercased": 0.35070441182191403,
 "dist-3": 0.5469681680329957,
 "dist-3_with_orig": 0.5469674879051182,
 "dist-3_lowercased": 0.5381500013001921,
 "dist-3_with_orig_lowercased": 0.538148721677043,
 "use_similarity": 0.5962665560196625
}