{
 "bleus": [
  0.36179490068449555,
  0.2956620983025824,
  0.3193903766768815,
  0.3303916422399055,
  0.35752735446076905
 ],
 "bleu": 0.33295327447292683,
 "dist-2": 0.3368410672076194,
 "dist-2_with_orig": 0.3368404660798181,
 "dist-2_lowercased": 0.3228556725658273,
 "dist-2_with_orig_lowercased": 0.32285205781897924,
 "dist-3": 0.5092787994096055,
 "dist-3_with_orig": 0.5092832909929962,
 "dist-3_lowercased": 0.4996899243214359,
 "dist-3_with_orig_lowercased": 0.4996921425446124,
 "use_similarity": 0.6444702416078544
}