{
 "bleus": [
  0.0811313404434683,
  0.057974291733524135,
  0.06510084525350085,
  0.07629949781690408,
  0.07850845214057016
 ],
 "bleu": 0.0718028854775935,
 "dist-2": 0.236679078200984,
 "dist-2_with_orig": 0.23668248798565136,
 "dist-2_lowercased": 0.22833468808748378,
 "dist-2_with_orig_lowercased": 0.2283373287216471,
 "dist-3": 0.44685942834330755,
 "dist-3_with_orig": 0.44685668374520926,
 "dist-3_lowercased": 0.4378568281699199,
 "dist-3_with_orig_lowercased": 0.4378521440286479,
 "use_similarity": 0.701791015247554
}