{
 "bleus": [
  46.430275535355676,
  49.41941530386446,
  46.18241856877482,
  46.95046558913548,
  49.57650267794407
 ],
 "bleu": 47.7118155350149,
 "dist-2": 0.2822204414595485,
 "dist-2_with_orig": 0.2822168209615029,
 "dist-2_lowercased": 0.267526594995644,
 "dist-2_with_orig_lowercased": 0.26752339719870505,
 "dist-3": 0.3999867677098726,
 "dist-3_with_orig": 0.39998197855290796,
 "dist-3_lowercased": 0.3891017018089627,
 "dist-3_with_orig_lowercased": 0.3890972332260377,
 "use_similarity": 0.8917818146888783
}