{
 "bleus": [
  0.4489958584296095,
  0.4059339942364857,
  0.4459818404533069,
  0.42377763540606883,
  0.5033974277031869
 ],
 "bleu": 0.44561735124573154,
 "dist-2": 0.30477600036098884,
 "dist-2_with_orig": 0.30477857994031676,
 "dist-2_lowercased": 0.29336625945460015,
 "dist-2_with_orig_lowercased": 0.2933666480264237,
 "dist-3": 0.47221314987971114,
 "dist-3_with_orig": 0.47221421084638565,
 "dist-3_lowercased": 0.464427935315791,
 "dist-3_with_orig_lowercased": 0.4644275379909386,
 "use_similarity": 0.6639978005932222
}