{
 "bleus": [
  1.8389923978069196,
  1.5402607242459179,
  1.6128436074059433,
  1.535734750857835,
  1.7752847776039173
 ],
 "bleu": 1.6606232515841064,
 "dist-2": 0.35977462158705914,
 "dist-2_with_orig": 0.35977427828114095,
 "dist-2_lowercased": 0.3447657965688087,
 "dist-2_with_orig_lowercased": 0.34476340378438347,
 "dist-3": 0.5424592951672735,
 "dist-3_with_orig": 0.542457925621724,
 "dist-3_lowercased": 0.5330820389155059,
 "dist-3_with_orig_lowercased": 0.5330792728590426,
 "use_similarity": 0.6275754352658617
}