{
 "bleus": [
  0.05401121437627587,
  0.04060567222699865,
  0.05023746065678063,
  0.05054850855137459,
  0.056961529044055756
 ],
 "bleu": 0.050472876971097105,
 "dist-2": 0.3688002036290425,
 "dist-2_with_orig": 0.3688036266326259,
 "dist-2_lowercased": 0.3546536318584164,
 "dist-2_with_orig_lowercased": 0.3546557708961492,
 "dist-3": 0.5471624274822657,
 "dist-3_with_orig": 0.5471625406557701,
 "dist-3_lowercased": 0.5387934226240605,
 "dist-3_with_orig_lowercased": 0.538792936354184,
 "use_similarity": 0.5590633862531249
}