{
 "bleus": [
  0.10357349190484784,
  0.09629353781864497,
  0.1395083863670932,
  0.0981224756699076,
  0.10518630002303783
 ],
 "bleu": 0.10853683835670629,
 "dist-2": 0.3651720027539813,
 "dist-2_with_orig": 0.3651701431479329,
 "dist-2_lowercased": 0.3502418496062842,
 "dist-2_with_orig_lowercased": 0.3502409470133962,
 "dist-3": 0.5246753861447913,
 "dist-3_with_orig": 0.5246713058093775,
 "dist-3_lowercased": 0.5151827134810533,
 "dist-3_with_orig_lowercased": 0.5151772354478399,
 "use_similarity": 0.692368191075687
}