{
 "bleus": [
  28.192554734227308,
  23.719381418693605,
  21.44857157826622,
  19.013244011806677,
  19.23797430467972
 ],
 "bleu": 22.32234520953471,
 "dist-2": 0.24521439286050786,
 "dist-2_with_orig": 0.2452087537854098,
 "dist-2_lowercased": 0.2356232107956898,
 "dist-2_with_orig_lowercased": 0.23561700731350427,
 "dist-3": 0.4134999263726057,
 "dist-3_with_orig": 0.41349353303128183,
 "dist-3_lowercased": 0.4044300842341263,
 "dist-3_with_orig_lowercased": 0.40442310156970185,
 "use_similarity": 0.8051696217560474
}