{
 "bleus": [
  43.63493381309066,
  43.58290210344958,
  42.94369505804282,
  44.3431581035218,
  44.960784426309694
 ],
 "bleu": 43.89309470088291,
 "dist-2": 0.2121419322606747,
 "dist-2_with_orig": 0.21213816919156447,
 "dist-2_lowercased": 0.20477372172151925,
 "dist-2_with_orig_lowercased": 0.20476702529383747,
 "dist-3": 0.3499410636481246,
 "dist-3_with_orig": 0.34993999979306056,
 "dist-3_lowercased": 0.3425195040245893,
 "dist-3_with_orig_lowercased": 0.34251225206568375,
 "use_similarity": 0.9030845976570505
}