{
 "bleus": [
  0.9415032529234311,
  0.8505968351484613,
  0.8956185305783247,
  0.8656642763828029,
  0.9506096728569664
 ],
 "bleu": 0.9007985135779973,
 "dist-2": 0.335675411982389,
 "dist-2_with_orig": 0.33567026926217414,
 "dist-2_lowercased": 0.3224304117529405,
 "dist-2_with_orig_lowercased": 0.3224258118834712,
 "dist-3": 0.6006073386976236,
 "dist-3_with_orig": 0.6006008371014018,
 "dist-3_lowercased": 0.5891196324464218,
 "dist-3_with_orig_lowercased": 0.5891126639539406,
 "use_similarity": 0.6409678268933968
}