{
 "bleus": [
  0.007339602462614172,
  0.008162819542061467,
  0.00705224049261302,
  0.007286743071790149,
  0.0074580961562102895
 ],
 "bleu": 0.007459900345057819,
 "dist-2": 0.33427697180486976,
 "dist-2_with_orig": 0.33428242912495015,
 "dist-2_lowercased": 0.3227302607492211,
 "dist-2_with_orig_lowercased": 0.32273093145696946,
 "dist-3": 0.49728425891945066,
 "dist-3_with_orig": 0.49728913187519996,
 "dist-3_lowercased": 0.4894870272728107,
 "dist-3_with_orig_lowercased": 0.4894895659278924,
 "use_similarity": 0.6074099891097458
}