{
 "bleus": [
  23.530480893917044,
  19.349770507191945,
  18.736923279995846,
  17.078094324941713,
  18.971363497528955
 ],
 "bleu": 19.533326500715102,
 "dist-2": 0.35310907068544173,
 "dist-2_with_orig": 0.3530958460254204,
 "dist-2_lowercased": 0.3397847872784935,
 "dist-2_with_orig_lowercased": 0.33977243761774634,
 "dist-3": 0.5165201750400226,
 "dist-3_with_orig": 0.5165001952314261,
 "dist-3_lowercased": 0.5069823657177333,
 "dist-3_with_orig_lowercased": 0.5069609821988085,
 "use_similarity": 0.7689298012677078
}