{
 "bleus": [
  0.0036855009259995583,
  0.0024981352143480847,
  0.002527920298616214,
  0.0035651231228340866,
  0.003566678893571541
 ],
 "bleu": 0.0031686716910738965,
 "dist-2": 0.3709007178858844,
 "dist-2_with_orig": 0.37090174746299975,
 "dist-2_lowercased": 0.35762158444578496,
 "dist-2_with_orig_lowercased": 0.35762026407732106,
 "dist-3": 0.622774297044228,
 "dist-3_with_orig": 0.6227744451442367,
 "dist-3_lowercased": 0.6134197087461254,
 "dist-3_with_orig_lowercased": 0.6134163762188092,
 "use_similarity": 0.5838317334835701
}