{
 "bleus": [
  53.491417122941556,
  59.78712542268238,
  56.06034458577162,
  55.975906143966476,
  54.922996136267805
 ],
 "bleu": 56.04755788232596,
 "dist-2": 0.19044140830858575,
 "dist-2_with_orig": 0.19044467185441172,
 "dist-2_lowercased": 0.18331931903284102,
 "dist-2_with_orig_lowercased": 0.18332307292264188,
 "dist-3": 0.37934560632047,
 "dist-3_with_orig": 0.37934404161517243,
 "dist-3_lowercased": 0.3704510540216736,
 "dist-3_with_orig_lowercased": 0.37044874717675064,
 "use_similarity": 0.8956208553038992
}